{
    "data": [
        {
            "id": 1,
            "tableName": "实施平台化战略",
            "sex": 0,
            "phone": " 建设全流程智慧协同平台，以智慧驱动研发流程，以协同提升研发效能"
        },
        {
            "id": 2,
            "tableName": "专业能力建设",
            "sex": 0,
            "phone": "加强专业化测试与质控能力内建，为项目实施提供专业保障，通过技术工具推广赋能事业群质量内建"
        },
        {
            "id": 3,
            "tableName": "全面质量管理",
            "sex": 0,
            "phone": "建立健全企业级质量控制体系，开展项目质量控制活动，构建企业级质量画像，通过TMMI5级认证"
        }
    ]
}
